Source_id,Sentence_en
1,It is also to identify the project.
2,"""And if I say unto you, The Lord of God, and in the Father, that ye may be by me, but I will not be known."""
3,"But, I will click on Save button and then click on it."
4,"In this case, we will be used: for a file which is equal to the, type:"
5,"""For if we have to be, in the world, and of the, that they may be able."""
6,"In this tutorial, we learnt how to create a constructor."
7,Child has love in you all.
8,It isves in the breathing and
9,"""And when he was no man, and to the, of God: for the hath not in his owns,"
10,"""It is a tree of the,s. It is also used to improve in his house."""
11,You all give.
12,I will came to from the temple.
13,"Let us go to the bottom of the, click on the tab."
14,"A new page, we can see the objects of the on the canvas."
15,Click on the Projects-click on the drop-box.
16,We have already created a new page. It has been on this tutorial.
17,"""The is, the a few of and thes are called asanas."
18,Those are two.
19,"Apache, PHP obtained and PH3 and XAMPP 5."
20,"Here, we can create a new user in the."
21,Teacher wills the.
22,1. What is the in all beings.
23,We can also all the files in our name.
24,"""Slowly of the buttocks with a place of God."
25,"""Therom of to be aed in the, ands, by theing of his heart is cyed with their body."""
26,You can also learn about your small and in your body.
27,You all the book.
28,Boy displays kindness in you.
29,"""And when he was a in the, of God, which is called the, and of the world,"
30,"In this tutorial, we will learn about: Microle which iss in a new option."
31,"Create the Mostory,"
32,Move the right leg on the left nostril.
33,I want to select a layer mask and I select the colour and I will click on the tool and select it is selected.
34,"Then, let us look at the end of this tutorial."
35,These are many in of organisms.
36,"""And when he that is, in him, and of the: for we may be able to speak,"
37,"""Ites of in the body,s and to make the plants in the soil of"
38,"""And when he is in the, of God, and shall be all: and the Lord is not; and it is no man."""
39,"""Inhale, raise the buttocks of the times through the floor, and feel them."""
40,Createing.
41,1. theing of food and
42,"""Shana of Rama in the forest of Ravasa, Kabana's Driraa) and to the his own."
43,"With this tutorial, we have to the end."
44,These are two typess in the and.
45,"""Among the iss in the."
46,"For example, type: cd space equal space “g space."
47,"For more details, please write to contact@spoken-tutorial.org"
48,"Now, locate the Spoken Tutorial project. You will get theed in your choice, you can download and watch it."
49,"So, I will click on a new page as shown."
50,"""And the that he was in him, and they might be with him."""
51,Welcome to the spoken tutorial on GIMP.
52,"How to the this tutorial, we should have a to."
53,Let us see how to the a look at the.
54,"In the General menu, we have to see the Category."
55,"Now, let us learn how to add a new Library. Let us in this tutorial."
56,The fruit of the iss in his own.
57,We all must speak.
58,"I will leave this tutorial, I want to put the as I’t I am I in a new."
59,Move the right nostril and relax your eyes.
60,"""And when he had taken him, and of the"
61,"In the Search-field, enter the field in the field."
62,Click on Save and press Enter.
63,Let us declare the code of this tutorial.
64,Let’s see the output as follows. We will look at the end of this tutorial.
65,"""It are necessary to the, ands and in their own side."
66,"""Mahvah: One who iss of the in the form of all beings."
67,"If you want to do so, you can download and watch your website."
68,"""In this tutorial, we have learnt to add a needle for the and"
69,"""Shale and raise the right leg with the left side of the feet, the on the ground."""
70,Change the change to change the0.
71,It helpss to theing the of the body.
72,These is cuting.
73,Right-click on the drop-down from the right side.
74,Here is the condition here.
75,We will now here.
76,"""And when they saw him, saying, and said unto him, And he saith unto them, Go to his disciples."""
77,"So, let us switch back to the terminal."
78,We can also use the in this tutorial.
79,Child has love in the all.
80,2. How does the who is?
81,"""And there is theed with him: but he was not in his owns, that they should be taken."""
82,"""Whilehale, raise the buttocks and bring the head on the left nostril at the floor."""
83,"Now, let us create a new page by clicking on Checkout."
84,Child protects in the story.
85,"""And he said unto him, What is no man: but he was not the Son of God."""
86,"In this tutorial, you will be able to of the which are used to and"
87,4. All the plants are used in food from water.
88,"Let's open this line, I will click on the button."
89,We have created a new program.
90,He was a to of thea and Sita.
91,"In this tutorial, we learnt learn about: Ubuntu Linux OS and using Java OS."
92,"""And, behold, a man, of the,; and it is written unto him, We have heard that thou hastested in heaven,"
93,It is also to learn about the are called of which are used for a dalation of music and
94,Let us learn how to create a constructor tutorial on this tutorial.
95,Let uss learn about the of.
96,Click on the list of to resate to action.
97,Who is those ?
98,He iss.
99,"For example, we will type: the name is equal to 03_SD”"
100,"""In this lesson, we have to learn about the a small and for theirrications."
101,"""And when he had heard a man, of the: but they were in him, which is to be with them."""
102,Let uss learn about some time to eat.
103,"""And he went to him,"
104,"""And he said unto him, If he saith unto them, The Lord of God, the Son of Jesus Christ,"
105,"Now, let us go back to the page."
106,"""Selasana - Dronaasana) and theing in theasana."
107,These two are.
108,There is a mother.
109,The fruiterss from the temple.
110,Who are two ?
111,Click on the menu button at the bottom of the right.
112,These will be read to the temple.
113,"""And he said unto him, Why of the Lord Jesus Christ,"
114,There are there are there in the.
115,"Now, let us add a new class to get an assignment for this tutorial."
116,"In this tutorial, we have learnt how to learn about this tutorial."
117,"Now, press Enter to execute and press Enter."
118,"In this tutorial, we will learn about: Ubuntu Linux OS- array."
119,"Then, let uss enter the values from the request."
120,"""And when he was the, of his disciples, and to him, saying, The Lord of God, and in the: and they shall see that the is called the,; and it is an house,"
121,"For more details, we can see the command: for this name has been used to and press Enter."
122,"Now, we can see a file here."
123,"""After of the is the in the;"
124,We can also add a small to the.
125,"To record this tutorial, we will learn about: for a file of"
126,You all are the.
127,What is the difference of?
128,"Now, let us see what happens when we can see a look at the same code."
129,"In the following, field, type: Microle-case."
130,"Now, let us look at the same options."
131,It isves to theing in the body.
132,"In this tutorial, we will learn about to the a directory?"
133,Move the way of the and to create a circle on the canvas.
134,The action shows records is selected.
135,"Let’s come back to the end of this tutorial, I will add it."
136,10.. Let us try some to 40.
137,"Here, we can see that the output is directory."
138,Click on Save and save the.
139,"This tutorial is a to of this tutorial, we have to use the characters and. So, it is availableed by default,"
140,You can see that we have to access the-onsed.
141,We both please speak.
142,It should be familiated to.
143,And we can see the code.
144,"""Mome the legs, raise the head and the down the ground."
145,It is a one of with the.
146,Priing of thes.
147,The Spoken Tutorial Project is a file for this tutorial.
148,The Spoken Tutorial Project is the Spoken Tutorial project.
149,The Spoken Tutorial project.
150,"""And when he had heard him, saying, and came out of the Jews, and to his disciples."""
151,Open to the terminal and open the terminal.
152,You can also use the to access your requirement.
153,"And, you can see the details are used to."
154,More information on this mission is available at the Code Files link.
155,"For this, I will select Exploreided. It does not be avoided, it is not visible."
156,"In the command prompt, type: ls space minus and press Enter."
157,Let us see how to add a new in.
158,"""Sate of the; and the, the of the of a great of the"
159,After the to the centre.
160,"""And when he had heard him, and in the, of God: and they shall not be with him; and it is come to his disciples."""
161,"""Sarting, sanskrita,has,a,i,anga, Dtar,asana, Solka, Breathing, Nanda,ama, Tra, etc,"
162,"""And he said unto them, If ye shall be in the: but he that is not, for all things shall be able to him."""
163,I must speak.
164,"The the number of 'C's indicates, in the variables and"
165,We we want to see the this thing. It is because there is a part of.
166,It is a variable of 'SC'.
167,In the right leg on the left side of your palms.
168,"Now, let us see the same name.txtdemo."
169,"""And he saith unto him, saying, I will say unto thee, and said unto them, The Son of God, and: for he that is the son."""
170,explain the music of
171,"So, you can see that I can just the here."
172,"For this tutorial, I am using: Ubuntu Linux3 and 294019 to 30."
173,"""And Jesus said unto him, I will say unto thee, Lord, I am my son."""
174,"""And when he shall say, the man of God, and not, to his father,"
175,Now we can see how to see the elements of this tutorial.
176,"Now, click on Save button at the bottom of the window."
177,This brings us to the Spoken Tutorial project.
178,"I will select the name as ""He is a file. So, we can see that the same is."
179,You all please speak.
180,It is hearing in our body.
181,Welcome to the spoken tutorial on Switch.
182,"Next, we can see that the BEGSTs and Mostus. Let’s see the same option."
183,That is a.
184,"The Spoken Tutorial Project is to be saveded by default,. So, the will be able to the file."
185,"Now, let's open the method of the class to print the in the file."
186,"""And the in the body, and rehesed by their body."
187,Write the five types of foods.
188,"So, I will show this code here."
189,"""And the are in the, of the; but they were taken unto them, that ye should be able to the,"
190,"""Inhale, the should be the to the on the right nostril."
191,"Spoken Tutorial project is funded by NMEICT, MHRD, Government of India. More information on this mission is available at the followingational Mission on Education."
192,The Spoken Tutorial Project Team conducts workshops using spoken tutorial tutorials on this tutorial.
193,"""And he said unto them, If I say unto you, Lord, the Lord of God: for he that is in heaven; and ye shall not be him."""
194,"""The is of the Lord iss in his own."
195,"""While inhaling, raise the right nostril and bring your eyes."
196,बालकः्ता्यति ।
197,It is important to the in the of.
198,"""And when he had taken them, and to his disciples, and we shall receive him."""
199,"So, now I want to add a layer mask and I can select the Brushes tool and here. We can see that it is because I can click on this image."
200,Savayah: One who is born of the.
201,"In this tutorial, we can learn about the a great of with normal breathing."
202,"Now, let us add the to."
203,We both must speak.
204,"In this practice, you should have the to of your body."
205,"""For if ye shall not be, that he is not in the law of God: but it is no man; for I say unto you,"
206,This is because the output has been alreadyed.
207,"Now, go to the image and click on Save and canvas."
208,Click on OK.
209,I will give the.
210,"""In this lesson, you can see a few of the your eyes and theing the body."
211,"Now, let us invoke the method to print the program."
212,Go down and click on File and select the Select.
213,We can see that the same is available at the Code Files link of this tutorial.
214,Type the Bows and 13 and ANDment.
215,Let uss learn about:
216,We can also add a new administrator by clicking on the canvas.
217,"""And he said unto them, We shall say unto you, What is the disciples of God?"""
218,Boy has friendship on you all.
219,"Note that the is for this tutorial, you have to."
220,"""And he said unto them, I will say unto you, my Father, and: but the Lord of God, me, that ye shall be in him."""
221,You can see the to the on the application.
222,Child has love in you all.
223,I will select the 200 to 200.
224,"""And he said unto him, The Lord of Jesus Christ, and to his disciples, and the that thou hastest me: and he saith unto them, saying, I will not be in thee; and they might see him."""
225,Bhanh:ah: One who iss in the.
226,It is a to the in theal of.
227,It is a to of the in your body.
228,"""And he said unto them, Take it is the, of God; but it iseth in him."""
229,"In the command prompt, type: ls space minus1 and press Enter."
230,"""And when he was a called the, and of his owns, and, and to him, saying, and great city,"
231,This is because it is the to.
232,What is you know?
233,"Note that the name is, there has been more options in this tab."
234,Those two are.
235,"Here is the for default,. By default."
236,"""But when I have to the, of God: for it is not in me; and he might be with him."""
237,There is not be used to the.
238,"""And he said unto them, saying, The Lord of Jesus Christ, and: and they were the in heaven; and when he had heard him, and all things, and to his disciples."""
239,"""This is, concentration, you can be able to"""
240,"""Par’s learn about the,ion of the, is not with a dastas, in the air."
241,It isves to improve the of your body and helps in the mind.
242,"""ithmetic, arithmetic; (doti) and"
243,What is the name of the?
244,"We can see that we can see the error at the same link, let us look at the Code Files link."
245,"""In this lesson, you should be able to in your eyes."""
246,"""For this, we will be able to the"
247,"""It are in many types, of our body which are have seened by theing,. These are found in uss, andeds, etc."""
248,Fill the details of the in the.
249,Notice that the are available at the following link of the and-clockwise.
250,"""Inhale, the is called a place."
251,"""And when I say unto you, brethren, and of them, that ye may be in the, of God, and for you, which are in heaven."""
252,These are two.
253,"Also, we should have to access a new in the."
254,"""But I say unto him, We have not to the, of God: but it is not in heaven; and he that thou hastested with me."""
255,Let me go back to the image.
256,The the is displayed on the screen.
257,"""After studying the in all the body;"
258,"Next, click on Save button at the bottom."
259,I will also learn about the two words?
260,"""For if I say unto you, Lord, I will not my Father."""
261,A new page opens.
262,"Also, we have learnt about the spoken tutorial on creating files and in this tutorial."
263,"By default, we can see that the variables of the is in the class."
264,Those two are.
265,Click on Save and save the file.
266,Type compile.
267,"""When a certain of and with their owns."
268,It is also to eat in thes.
269,"In this tutorial, we have learnt about the following of in the Sanskrit-"
270,"""And when he had heard him, and to his disciples, and of the, that they might be in them."""
271,"""And he said unto them, saying, Behold, the disciples of God,"
272,Let us change the main as before it.
273,Let's open this tutorial.
274,"Now, let us change the to from the and."
275,"""The ising on the body, which are in some of our body. It is not used for you can be able to take the tastes, but it is very useful."""
276,We can see that there should be theed.
277,Let us start the to the of the.
278,"""And when they had heard him, and to the, of God, saying, And he was not in heaven: for the came to Jerusalem out of the temple,"
279,Let us now see that the will be look at the top of.
280,"To create a course,"
281,"But, I want to have a bit here. So, I’s I think this brush and I am it is the in this image."
282,"In this tutorial, we will not be able to access."
283,It is a constructor of the statement.
284,and a web browser of the array and
285,Let us see the output of the code.
286,"""It is in theing of and,ed with a news."
287,"""And he said unto them, We shall say unto him, What is the Son of God?"""
288,Tushs are: One
289,"""And he said unto him, saying, and went to his disciples,"
290,"Now, let us come to the end of this tutorial."
291,"Go to the terminal, go to File and CTRLing and then on Save and press Ctrl."
292,"""And when he had taken the, of God, which is in the,; and they were to be able to them."""
293,And I will demonstrate this.
294,The fruit of the is in the.
295,"""And he said unto them, saying, and went to his disciples,"""
296,"First, we will use the book."
297,The default shows that the number of the in the files.
298,"The title has been used to the,otoss and MikTeX."
299,"""Bhen in thes of, you can give that they should eat and to make all these things."
300,Let us go back to the terminal of the image.
301,"""For this man, that ye should be able to you,"
302,Make the tips of the body.
303,"Now, let’s come to the in this tutorial. You can see that the have been added to the a new-click on the canvas."
304,"""Sarana: One who is the in the, of the fours of the"
305,Scroll down and click on Save button at the bottom of the page.
306,"Click on the Categories and, select File and choose Sale and. And then click on the drop- menu."
307,"""And he said unto them, and went to his disciples,"""
308,Every is a part of these things.
309,"""And he said unto him, Why, I say unto you, saying, What is the Son of God, and to his father, that he was come to the: but he saith unto them, The kingdom of heaven,"
310,"""For if he was not, of the law, and of God, that ye shall be in the: but the is of the Spirit of God?"
311,And and Run the application.
312,"""He is of the a tree, in Kattlea. This means that are called Bhirs, sometimesered."""
313,Let's enter the request from the Checkout.
314,"Now, go to the EURLIECATIONNT DTDBMENT."
315,There are there are the in thes.
316,Let us go to the from the above and keeps in our own.
317,Feel the right leg with normal breathing.
318,"""And when he was the, of God; and they shall be unto them."""
319,"""While inhaling, raise the head, and at the ground."""
320,The boys is theed in the.
321,"""For I know that the Father is in me."""
322,Those are twos.
323,"""It is the to pass, impros in the breathing."
324,"""In this lesson, we will learn about a list of between the"
325,"Now, let’s come to the terminal."
326,I will leave to the a bit in this tutorial.
327,Click on the Projects-box.
328,"To execute a eetic, type:"
329,Let’s learn how to create a simple in the and.
330,This is because we have to the a constructor.
331,"If the case, it is because when I will select the a new line. This will see that it is true."
332,"Now, we can see that the loop."
333,We can also give the to of.
334,"As an assignment, we have to change the value of the class."
335,"Now, I want to go to the image and here and I will come back to the layer mask. So, I go to this image."
336,"This is an assignment, you can see that the getDetailsed and. So, it will be printed to the a new page."
337,The teachers will be theed.
338,"Now, let us create a message as ""Sint and to the. So, we can see that the"
339,"To click on the Next bar, click on Edit and then click on Next."
340,"""And when I say unto you, Verily, thou shalt not, and the,; but it shall be done."""
341,"""And the is of the, which is in the: and he was a great to them."""
342,"In this tutorial, we have learnt how to create a class."
343,It is also used to in the and
344,"So, let's change the a line. Let’s put it."
345,Adi Yoga:
346,Boy displays doubt.
347,"""And he said unto him, saying, and went to his disciples."""
348,"""And he said unto them, We shall see the Son of God: and he that is in his disciples, and ye shall receive him."""
349,"I will type the field, I will enter."
350,"""Seyama(JIAda), of the is, in the month, and,s, a day of Mumbal"""
351,I will leave the as blank.
352,We are now we have the variable of
353,"So, if the condition is be a to or the."
354,"Now, let us start to the XAMPP."
355,You both speak.
356,"Next, click on the tab and then click on Save button."
357,Click on the drop-down menu. We will click on the option and select it.
358,"If you are used in the Code Files link of this tutorial, you will be able to."
359,"""The inhaling, the back to the at the ground."
360,He iss in the.
361,It isves to the of breath.
362,There are many important to of the raga.
363,Click on the drop-down button at the bottom of the tab.
364,"If not, select the."
365,"""To learn about to the, of the and with a rolived. We can also learn about: for the 'Pa' and 'I' and"
366,"""And they said unto them, What is the disciples, that ye should be?"""
367,Type the two blank and type: 1.
368,"""Mh: One who is the form of"
369,We will learn about some time and we have to make all the.
370,The Spoken Tutorial project is available at the Code Files link.
371,"Now, type the following code:"
372,"In the drop-down, select the drop down and select the."
373,It will be used to the in the.
374,"""And he said unto him, Saul, I have heard thee: and he saith unto them, saying, Blessed thou me is the Son of God; and he that which was come to his father, and in the Lord Jesus Christ,"
375,"In the subides,s,et, you, are selected to the and in the,."
376,"I will click on the Sale tool and. So, I can change the layer mask and click on Save button and drag it."
377,Boy displays respect in you.
378,Soolers will not be the.
379,This is a:
380,"""Among Yoga is the in thea,."
381,There are many sources of in the.
382,"From the File menu, choose New."
383,"""The is of the is, a great point,"
384,"""And he said unto them, Go to the,: and they shall be in heaven: and it shall be put on the kingdom of God, and shall be able to."""
385,This brings us to the it is true.
386,Let us see what happens if we can see the value is true.
387,"To follow this tutorial, you must"
388,Go to the menu and select Bond Order and select Source Account.
389,It is a part of in the form of India.
390,Let me now it.
391,The the panel opens is be installed on the Panel.
392,Boy displays regard on you.
393,What are you are the?
394,You can also use the methods of to create a static method.
395,"""It is, in the, of that we should be used to."
396,"Here, we can see that the is number as ""SDYY""."
397,We are now in the admin and with the and.
398,"Now, let us learn how to create a class and"
399,"""And when he was not the, of God, and to him."
400,"Here, you can see that the colour and select the Brground tool."
401,I will see that this name is true.
402,He will protects in the story.
403,"In the search bar, we will click on the ‘Firefox field’."
404,"By default, you have the to."
405,i.:
406,You all must speak.
407,And we will see the to 40.
408,"""Shyati is Rolia, in the form of India."
409,"""And when he had been the, of God, and to them, that ye might be able to: for it hath not in his own."""
410,"But, I can select the colour and you can see a layer mask and I am to add a bit in this tutorial."
411,"In this, we will enter the as ""Mpe""."""
412,You both must.
413,You is a bander.
414,"""And they came to pass, saying, and went into his disciples,"""
415,"""But theing of the by the, and to make their owns."
416,And I will type: Ubuntu Linux OS-2 and
417,"""For we have heard the, of God, but that they were not, in the: for it is written unto you, and to the, which is be done."""
418,Click on click on Save button at the bottom of. Click on the icon and click on it.
419,"""And when they had heard the, of God, and to them, that they shall not be in all things,"
420,"Create the method, type the program as shown."
421,Then click on the button at the bottom of the window.
422,There are many in the.
423,"In this tutorial, we will learn how to create a web browser for Moodle and."
424,"Let's go to the end of, we will click on it."
425,"""For I say unto you, If I have to thee, the Lord of God: and I am not in me; but I thou hastested with me, and that I might be known."""
426,What is the main of?
427,Child has love in the all.
428,"""And he said unto them, If ye shall not be in him: but if the Father is no Son of God."""
429,TERINA QUESTIONS
430,I will select the SOS-I.
431,"""In this day, the should be used to the."
432,"""For this is, that ye should be unto you."""
433,"""And when he had theed, and to him, saying, The chief priests and said unto them, We will come out of his disciples,"
434,For this assignment.
435,"Now, let's come."
436,The Spoken Tutorial Project Team conducts workshops using Spoken Tutorial project.
437,"To follow this tutorial,"
438,It isves to improve with the breathing.
439,You can see that the are used to and in the other files and they are available at the.
440,"It will be the code of the record, it is a file."
441,Teacher reads the book.
442,"""For if any man be not in the, of God: but that we are not in you."""
443,"Now, type: 1 dot equal to 40."
444,"""But if he is not, the law of God?"
445,• Exhaling the legs and raise the right leg and bring the hands of the.
446,"""And when they saw him, and went to them, and with him."""
447,What are those who?
448,"""And Jesus said unto them, Lord, I will not be my Father; and he saith unto him."""
449,Change the and Run.
450,"""And when they did not be able to them, that they should not be the"
451,"From the terminal, go to File and A keys simultaneous and press Ctrl."
452,We both must speak.
453,It is available at the Code Files link.
454,"The next option is ""This is has been added to thes,."
455,"""And when he was the in him, and of the Lord Jesus Christ."""
456,Krishna is theing in the temple.
457,We can see that the loops and 13 and2 and to 40.
458,"""And he said unto him, We shall not be the."""
459,"For this tutorial, you will leave the username as an assignment for your teacher."
460,This is a list.
461,In the list of breathing in the body.
462,"""Bithasana - Bhujangasana, Narasana,asana, Breathingasana, Hamsasana, Salasana, Tasana,a,asana."""
463,"And the web browser of this tutorial, please write to contact more details."
464,"Type the main method, type: space dot and press Enter. Press Enter."
465,Those two are.
466,"""You will learn about you can be able to."
467,"For that the file, type: name."
468,"""And he said unto him, Verily, I say unto you, The Lord of God: but the Father is not in my own, and shall be with me."""
469,We are now in the admin dashboard.
470,"Now, I will enter the field as ""SBle field,."
471,The is a is the is in an array.
472,We can also use the of the to using the variables of the array.
473,Let’s click on the new tab. This will be puted by clicking on the left side.
474,""" is a sound in theibrance."
475,"""And when I say unto you, Lord, ye shall be able to; and ye shall believe them."""
476,We can see that the text of the corner on the canvas.
477,"""And he said unto him, That is a man; and he that shall be done."""
478,What is the son?
479,"In the terminal, type the command and press Enter."
480,"""For if we have not, of God, that ye might be in the: but he hath not Christ, and shall be unto you."""
481,I will leave the two blank.
482,"""He is a greated in the,iner, (Sana) and aria, Srias, Randy,jam,."
483,All the are of in the and.
484,Spoken Tutorial Project is available at the link.
485,"We have already a file in the variable of. This will be used to the 'n's, we will give it is not used to get theed by default."
486,"""For the, of God: but he that is not in me; and when ye shall be with him: for whom I have to them, and all the world, and"
487,It is not be known to the.
488,We can see how to add some options for this tutorial.
489,"""And he said unto them, And he saith unto him, saying, I will say unto them: and he went to pass, that they might be with me."""
490,"""And he said unto him, And when he saith unto them, I have to the, of the Lord Jesus Christ."""
491,"""After studying this lesson, you: One who supports of the"
492,"In this tutorial, we learnt:"
493,It is a to of the breath in our body.
494,It is also in the of the andas.
495,"""It is also used in our body, you should be able to of the."
496,"In this tutorial, we have to a new user which is be used by default."
497,You can also be used to the a small and.
498,Click on the and drag it.
499,What is the in the of the?
500,Boy displays regard on you.
501,The is of that the is be known.
502,We can see that the output should be installed to.
503,"""And when they saw him, saying, and to the disciples, and brought him."""
504,You all are.
505,Observe this tutorial we have to the end of this tutorial.
506,Click on the rectangle at the bottom of the shape.
507,"Let us summarize in this tutorial, we have learnt:"
508,"""For you, you want to be able to you and you can be able in your choice."
509,"To follow this tutorial,"
510,"If you want to see the, if it is not be added to the a bit. here."
511,"To follow the details, you will enter the canvas."
512,"""And he said unto them, and said unto him, Master,"
513,"""Bhavana who has theed in all the, of thes, He is a great to be called with the beginning of"
514,"""And he said unto him, Why, thou artested thee, saying, What is the Son of God?"""
515,"""sho: One who is in all beings."
516,The next option tool is the by clicking on the layer mask and I can see that it is selected to the.
517,"""And when they should be, to him, and the unto them."""
518,Do the eyes and relax the
519,"If you want to click on the, then click on Continue and then."
520,This is also used for the of and in the and.
521,It is also known in the of breath.
522,It is a to the.
523,"""In the your eyes, you should be able to open the body."""
524,And we will learn how to create a simple and.
525,Saray was theed in Kurua.
526,"So, I will leave it."
527,"""After the chariots in the god."
528,It is a called as “M”).
529,You all may speak.
530,Those two are.
531,"Click on the icon button at the bottom of, click on Save."
532,I will select the right hand and then on the left side of the top.
533,"For an assignment, for a particular sequence of the student."
534,These are also used to and the ands and with actions.
535,Click on Upload option. Click on Browseing and click on the canvas.
536,"""And when they had not the, of God, which is no man, for the: for we are not in the world."""
537,"""And he said unto them, If ye are not, and: but they shall not be in you; and there is no man, and with him."""
538,We we have to the end of this tutorial.
539,Boy displays affection in you.
540,"""And when they shall be, and to the, of God: for he that is in his owns,"
541,"""And when he was a great the, of the, and his owns, and in the earth, and the blood of God, and to the unto them,"
542,Observe the cursor the right leg on the right side of the right nostril.
543,"If you want to create a file, let’s check this. So, we will not add the same in this tutorial. Let’s do it."
544,"""And when he went to his disciples,"""
545,Boy displays respect in you.
546,"""And the that is of the, and of God: and they might be with him."""
547,"Now, let's display the book of."
548,"""AIASANA is: One who is the Sanskrit words, """"’s 'Pest' and asana's Sthiti."""
549,It isves to improve the in the and.
550,"We, we have declared a constructor for this tutorial."
551,It is important to grow of the cow and riting in the help of food.
552,"So, type: The method has been printed and the() method. This can see that it is used as shown in the Employee class and stud1 and"
553,• Sit back to the ground.
554,"""Among theing of the"
555,"Now, let us change the values of the."
556,3. What is?
557,What is you?
558,Let us go to the spoken tutorial on Database.
559,It is a of the in the:
560,"""Afters, the should be able to."
561,"With this way, we will have to identify the input. This is one of each object for each user."
562,"""And he said unto him, What is the Son of God,"
563,Let me save it.
564,You all are cloth.
565,"And I draw the layer mask, I am to and with a bit brush."
566,This will be used to the that are called aspects.
567,It should be the to.
568,He is a.
569,"""For we know that you, the Lord of God, but in our Father, and for you,"
570,Let us start with the introduction.
571,"So, you can see that the have been added to the a new course and then it is not at the bottom of."
572,Spoken Tutorial Project Team conducts workshops using spoken tutorials certificates. online certificates.
573,It isves in the mind.
574,Here is an assignment.
575,We will see that the list of
576,Make sure the in your body.
577,"""And when he went into him, and they went into his disciples."""
578,"""Brom of the from the form of stems and bacteria."
579,"To execute, next to, type:"
580,"""And when he was the, of God; but he that is in the: and they might be unto him."""
581,"Here, we can see the value of the and then press Enter. Press Enter to get the main method."
582,"Here, please visit this website."
583,You all are in the temple.
584,These two are
585,"""Snides, there is the in the."
586,"Then, type: Student dot name."
587,"Next, we can add a list of."
588,What is you ?
589,Bhaktay is: One
590,Click on Start and click on the button.
591,Then click on the button at the bottom of the page.
592,"If not, if it is not change the error at the end of this tutorial, you want to change it."
593,And we have to the a structure of.
594,I will create the project.
595,It is a as “AMS”.
596,"In this tutorial, we learnt about:"
597,Let's open the dialog box.
598,"In this tutorial, we will learn how to create a new module of the array."
599,"When you have to put this image, I will come to the. So, I want to change the color of this slide."
600,Slowly the your eyes in the eye.
601,The boy will be theed in the.
602,"In this tutorial, you will see that the is available."
603,Click on the button at the bottom.
604,He iss in the by his own.
605,Teacher wills the story.
606,It is a file to print.
607,You can also be able to.
608,This will be a to the for theing.
609,"""After studying this lesson, you:"
610,"In the text folder, locate the following link."
611,"But, I will have to the a bit for this tutorial."
612,This is a.
613,"For this tutorial, we have learnt how to create a new administrator and in the."
614,"To record this tutorial, I am using: Ubuntu Linuxing, Moster and Eue,."
615,Boy displays affection in you all.
616,• Exhale and raise the head with thehalation.
617,"Also, we will learn how to the web browser and Firefox-ups for a webpageing on Mozilla."
618,"""This is a small and in the, and of food."
619,The hearing of is be used to.
620,It is because we have seen the from our own organisms.
621,These two are.
622,Savay's Arjuna to the.
623,Let us start the to of the users.
624,"This statement, we can see the output of the string."
625,You are teachers.
626,"""And I said unto him, Verily I say unto you, I will not my Father: but he saith unto me, Lord, I thou hastest me."""
627,And there is no man; and let him not away.
628,She is a goods.
629,"""Among the of the is theed in the's house is not at the."
630,The web browser and Firefox web browser of the web browser.
631,It is a part of thes in our body.
632,"In this case, we have to type: the space/count and press Enter."
633,You may speak.
634,He will be the in a story.
635,You all please speak.
636,"""It is not be used by the, taste, of any man,"
637,"""And he said unto them, What is the law of God?"""
638,"Now, let us see how to add a file."
639,Click on the Taint link and click on Site Administration.
640,"""And he that shall be in the, of God: but he iseth him; and whosoever shall be all his own."""
641,"To record this tutorial, I am using: Ubuntu Linux OS 16.04"
642,I will type the name as name.
643,"In the search bar, you will click on a new webpage by clicking on the home page."
644,"""And when he had heard him, saying, and went to his disciples."""
645,"To follow this tutorial, you should have knowledge of your choice."
646,"""And he said unto them, The Lord of Jesus Christ, and: and when they had heard him, and in the; and all things shall be with him,"
647,Fructions.
648,He was a great of in his owns.
649,He was a son of the river.
650,• the back to the with the head.
651,You can see the web browser to search in the tutorial.
652,We will also learn how to create a course and in Moodle ands.
653,"""It is also used to the,iner, in a place, and of"
654,"""Pa Yoga means the is of Sukshal pose and asana is known."
655,This dialog box opens the dialog box.
656,and gives the used for the to and gives certificates.
657,Click click on Next button at the bottom of the page.
658,It is helps to the a few of which are called cleansing.
659,"""Theay of the iss of the in the."
660,Let us summarize.
661,A dialog box opens.
662,"If not, if you will not be used to the for a course."
663,"In this tutorial, we will learn how to create a constructor."
664,"""It is a cow of the Ramayana, are used in our body."""
665,"""And he said unto them, What is the law of God, not? for whom we do not?"""
666,"By default, this is available at the link."
667,"From the terminal, click on Save and press Ctrl."
668,"If an assignment, if you want to use the as shown."
669,"""But if he shall be in the, of God: and the Lord is not with him: and when ye shall be unto you,"
670,"If the, then on Save and press Ctrl."
671,"""And when he was a in the, of the, that they had made out of the: and there was come to his disciples."""
672,Let’s change the 'M''.
673,"""And he said unto them, What ye shall see him?"""
674,"""Some of the in the,as,a, who is theed by the,s of the Lord, which is not be in the with the earth of the, and the, Brahes,"
675,"""It helps, the to the and on the body, and in the breathing of the."""
676,They are not on this.
677,"In this tutorial, I will learn about: and they are in."
678,"""And when he had opened him, saying, and went out of his disciples."""
679,"""And when he was the in the, and of the, which is in the: and the that they had heard him, and to them,"
680,It is no plant to the with their owns.
681,"Here, we can see that the sub-down as shown, in the drop-down, type:"
682,• Be the right leg on the left shoulder and bring the right palm on the ground.
683,Keep the palms with normal breathing.
684,You all must be thewhere.
685,Come back to the terminal.
686,Let's open the back to the a line.
687,And when we have to create a program and.
688,Type the slash:
689,"""And he said unto him, If I say unto thee, What thou saith unto me, Lord, thou hastest me: and he saith unto them, The Father is come to his father? And I have not the Son of God."""
690,"I want to change the 'P's ""He’s, ‘Mook) and I will select this option."
691,It is important to be used in the of.
692,ii.--.
693,He was the in the temple.
694,• Kaana came from Kasa.
695,Boy displays affection in you all.
696,Let's do this.
697,The fruit of the is Arjuns.
698,Fold the right leg at the right nostril.
699,"""And he said unto him, And he saith unto them, saying, The Lord of the: and it came to pass; and he that is in his disciples."""
700,"""And he said unto him, saying, Master, the disciples of God, and to his disciples; and he saith unto them, And he was a son,"
701,It is also used to the you can see that the.
702,"Here, we will set the values of the user as shown here."
703,"""And all the in the, and of the; and when they were eat, and"
704,Now we can see that you can change the other files?
705,Switch to the terminal.
706,You all will give the.
707,Sthiti: BUIKANAASANA Sthiti
708,"""But no man, be not in the,"""
709,Child has respect in you all.
710,Click on the left icon and click on the button at the bottom of the window.
711,And that the are will be able to.
712,"""It is a small and,s of these things. They can also have seen in their own,"""
713,"""For we have to you, that we are not in our own, and let us be able to:"""
714,"""For we are in the, of God, that ye may be with you."""
715,"""For if I say unto you, If ye are not: but it is not in me."""
716,"Let's open this image, click on Save button at the bottom of."
717,"""And he said unto them, If not the, of God, but that he might be in him, which was not,: for it hath not me."""
718,We will see that the output is true.
719,"""And if ye say unto you, That is not in the; and we shall not be able to them."""
720,This is a tree.
721,"In this tutorial, we learnt about: various Quations and Fill and Customs and Mank Admin and shapes,."
722,"For that the file, we will see the error at the name of the file."
723,The Spoken Tutorial Project Team conducts workshops and gives certificates.
724,This is also to the these options.
725,"Here, I will enter the a line as follows."
726,This is because we have to the of these other function.
727,Compile compile.
728,"So, you can see that the is a part of has been useded by clicking on the colour."
729,Feel theing of your body.
730,We should have learn about the in a list of.
731,Boy has fondness in the.
732,These are many options and plants are found.
733,We can see that the ‘Pu'’s Line.
734,"""And when he saw him, and went into the temple, and to his disciples, saying, And they came to pass, and brought him,"
735,"""In this lesson, you should be able to pass, or a few of the"
736,Boy displays affection in you.
737,"""In this lesson, you should be able to the on the right hand of the body."""
738,"In this tutorial, we will learn about to the in a person."
739,Iaho: One who is the cause of
740,"""And when he was in the, of God: for he hath raised in the Christ of God."""
741,"""Whilehaling, raise the hands and toes on the floor."
742,"I will now change the mouse to here, I will set it."
743,Pateray was theed in the.
744,"""There must be theed in our own."
745,"To click on, click on theite button and then click on Save."
746,"Now, let's give it."
747,"Now, let us change the to."
748,"Now, let us declare the in the interface."
749,Type type: grep space minus space test space within quotes space double quotes spacetxtdemo.txt
750,"If not, please relevant tutorials, please visit this website."
751,"Click on the file button at the prompt link, click on Save button."
752,Step-up:
753,"Note that this tutorial, we will learn how to be added to."
754,"""And if I say unto you, That is not of the; but he that which is a man to be with him: for it is not in heaven: but he hath doneeth me."""
755,"""And when he saw him, saying, And the disciples was come into his disciples, and in the: and it is the out of God."""
756,A new page will be saved on the Spoken Tutorial project.
757,"""Among is of the god."
758,"""And he said unto him, Verily, I say unto you, The Son of God, and shall say unto thee, What is my Father: but the Lord is come to his own; and he saith unto me, My name,"
759,"""And he said unto them, The Lord of God, and to the, that he had a in the: for it is come to him, saying, I will not be with me."""
760,They all must.
761,There are the of: One who has been included.
762,"You can also use the and, the and the and in the colour."
763,The thecut is to open the text box.
764,"Now, type: ls space testdir space and press Enter."
765,You can see the top of the and drag the to the left side. Click on the button at the bottom of the canvas.
766,"""• Exhale, raise the head with the ground."
767,"""And he said unto them, If ye shall not be the: and when he might be in his own, and of God, and for my Father."""
768,"""For he that is in the, of God: but they might be in him."""
769,"""It is theing, the to the ands on the."
770,Functions.
771,"""In theing of your body,s on the."
772,"""Bhves of the help to make their owns, and soiled with the body."
773,"""And I said unto him, Lord, I will say, me, I am not: but he that is my Father."""
774,You can make you to your own in your body.
775,"Now, let's start this tutorial."
776,We can see that there is the in the form of the page.
777,Click on the Add-ons to from the canvas.
778,I think you want to the a layer mask of the brush in the layer mask.
779,Let me go back to the text editor.
780,"""For the, of God, and: but he that is not in the law, and shall not be with him,"
781,Let us execute the program.
782,Keep the right leg on the ground.
783,"Now, I click on Save and I will click on OK."
784,"If you, select thelish menu, select English."
785,And we have to the a class to print and.
786,"Now, click on the button at the bottom of the window."
787,"Next, let's look at the canvas."
788,Boy plays in the.
789,We will type the message “Rgs.
790,"In this case, we have to see a single of."
791,"""And when he was a great, of the Jews, and to his disciples."""
792,I have got the two blank.
793,"Now, let us learn how to use a program."
794,I think.
795,The Spoken Tutorial Project Teams in the XAMPP.
796,"""And when they had heard him, and the them that they might be out of the:"
797,More information on this mission is available at the following link.
798,"""And he said unto them, Why, thou hastest not? for whom ye shall eat?"""
799,"Under the section, I will click on Edit tab and Accesss."
800,"Please do not, if it is not visible to. So, we will not be able to the."
801,"""And he said unto them, If ye shall not be in you: but the Lord of God."""
802,Click on OK.
803,"""And when he went to pass, saying, and the him,"
804,It helpss to theide from one persons. This decides of the studentss.
805,"In this tutorial, we will learn about:"
806,• ........aasana to the breathing of
807,"If the assignment, if it is an assignment as shown here."
808,I will give the to the.
809,2. Nrat: One who iss in the
810,"Here, we have to: Ubuntu Linux OS and MikTeX."
811,We can see that the is has been alreadyed by the administrator of this tutorial.
812,"""He are many in the of, and."
813,"Now, click on the button at the bottom of the page."
814,"Now, let us look at this tutorial."
815,Let me change the layer of the I will click on the colour.
816,"Here, we can see that the is."
817,Arjuna receiveds of Krishna.
818,Manyars of the is used by cow.
819,"""And he said unto them, The Lord of God, and shall not be theed with him: but he that is no man; but they shall not put him."""
820,"In the drop-down, click on File and select English."
821,"If thes, we will display a new page, let's adds for indexs."
822,Now click on Save.
823,"""And he said unto them, What is the law of God?"""
824,"For this, we have to use the values of"
825,More information on this mission is available at the following link.
826,The next option is the on the tool and.
827,"In this case, you will not be visible in the."
828,Click on the Projects-click on the drop-box.
829,Let uss create a simple and.
830,Boy has doubt on you all.
831,"Let's use the ""Hello"""
832,"To record this tutorial, I am using: Ubuntu Linux OS 16.04 version 16.0"
833,"""And when he had a the, of the, and to his disciples, that they might be in him, which was madeed by the city, and of the"
834,"""And when he was theed, that they should not be judged in the law of God, which is called the, and"
835,Click on the tab button at the bottom of the page.
836,"""And he said unto them, saying, What is the Son of his disciples? And he saith unto him, Why, thou hast?"""
837,"If you want to enter the quiz, your site and then it is not shown."
838,Go to the DDLIETATIONNT EUEMENT.
839,"""And he said unto them, Go to him, and shall not be with the: but he that is no man, and of these things; and they shall come into the kingdom of God, and in his owns, and will not be it."""
840,"""And he that we had not in the, of God; and they shall receive him from the world, and to the them,"
841,Now I have selected the image here and I’t want to add a bit brush and I am it.
842,"""And when they had heard him, saying, And he went out of his disciples, and to the them, and brought unto him."""
843,"By default, the will not be installed to the."
844,Click on the button at the bottom of this tutorial.
845,"If you want to see that it is theed by default, you can see that the. This is displayed at the bottom of the."
846,"Now, let us look at the end."
847,"""While inhaling, the back to the rest of the body and the on the right nostril."
848,Scroll down and click on Save button.
849,"""In this lesson, you should be about the in the and of the."
850,There are many songs.
851,"If not, it is not visible. So, I don’t think this image."
852,"Now, let's delete the closing statement."
853,The will be used in the.
854,Vagaho: One who iss in all beings.
855,Click on Save button. Let’s change the 'M''.
856,Boy displays friendship on you.
857,The output is displayed in the 'IND' and
858,"In this tutorial, you will see that the file has been added."
859,Let's add a new tab. Click on the button at the bottom of the window.
860,"In the section, field, I will type: Micro 201. And I will enter the as shown."
861,"""Mah: One who iss by the."
862,Go to Path menu and click on the Date to Path in the.
863,"Let uss open the dialog box, we will type:"
864,Let us learn about:
865,Watch the video available at the following link of this tutorial.
866,What does you do?
867,This is the following
868,"""While inhaling, the back to his own, so that he should not be down."""
869,"Let us summarize in this tutorial. In this tutorial, we learnt:"
870,"If you want to add the, here, if you have already added."
871,The fruit of Arjun is the in the.
872,"""And they said unto them, Thou shaltest him, that he should be with thee, and to the,; and thou hast not me."""
873,"If you want to come to the a small,. So, let's go to your computer."
874,"In this tutorial, we have the are available at the Code Files link."
875,"We can see that we get the error message as ""Hello,""."
876,"It is a for this way, you can see that the is as shown."
877,Who is you ?
878,"""Baying of the sun is used to the and in the."
879,A new dialog box opens. Click on the tool and drag it to the.
880,"""And when he had come to him, and his disciples; and he went out of the Lord, and they might see him."""
881,"""In this lesson, you should be able to the."
882,"Here, we will enter the and with a web browser and"
883,"""While inhaling on the right nostril and the your hands."
884,"It is a to the, type: Ubuntu Linuxing and Generals for the sub-category."
885,This is has been contribed to the.
886,Click on click on Save.
887,"""But if ye be, you, that ye should not be able to you,"
888,You can see that the-click on the drop-down on the canvas.
889,"""He is a part of in the form."
890,"""There are the in the, of God: but they shall not be able to the"
891,"""And he said unto them, Lord, I have to you, that ye might be able to:"""
892,"""And he said unto them, Why went to him, saying, What?"""
893,Vagaho: One who cannot be the to of the.
894,"""The person of the who iss in his owns,. He who is a greated to learn about you,"
895,There is a mother.
896,Let us see that there is in the. Amen.
897,Let us click on the Search button.
898,"""And when he had taken him, and in the, of God,"
899,"And you want to see that we have to the. So, let’s come to the end of this tutorial."
900,"""And they came to pass, and went to him,"
901,You all will give the.
902,"""Pay of the is used to day, in the months,"
903,"If the on the page, you will see that the list of the details on the screen, appears."
904,"""And the he was a in his owns, and with them that they should look at the ground."
905,It is a to protects from the body.
906,It isves in the breathing.
907,3. It is also used to the and leaves in many diseases.
908,I think iss.
909,"So, I will select the image here. I can select it is a file?"
910,The Spoken Tutorial Project Team for our program.
911,"""It helps to pass, in the breathing which are a few of your eyes and body."
912,"So, we have to the end of this tutorial."
913,"These are two types of this tutorial, you can see that there are availables."
914,We we have declared a program.
915,"In this position, you should to the."
916,"""And he said unto him, What is no man: but there is the Son of God."""
917,"""And he said unto him, Go to his disciples, and when they might see him, and the them."""
918,Sriay iss from the in the body.
919,"In this tutorial, we will type:"
920,"""While the of the body and the down, the to the on the left nostril and the in the hand."
921,Let us go back to the terminal.
922,"Here, here, the is a 2er for 1 is 0 to 100. By default, it is selected as shown is 3ed by 25."
923,We all are in the.
924,"So, go to the top-down on the drop-down. Click on the button at the bottom of the page."
925,"""For I say unto you, The Lord of God, and said unto them, I am that I have written in the: but he that is come to me, and shall not be with me, as I will give thee, my Father."""
926,I will leave it.
927,INTEXT QUESTIONS.
928,"Type the equal to type: MariaDB”, i."
929,"So, I will click on my tool button and I go to."
930,Click on the Select button and click on Site button.
931,Sarah: One who is the of the
932,The Spoken Tutorial Project is available at the Spoken Tutorial project.
933,"By default, you want to add a list of for thes."
934,Watch the video available at the following link.
935,I don’t want to go to the layer mask here and I will click on this image.
936,Vagrutah: One who iss of all beings.
937,"""And when I have to you, that ye should be able to them."""
938,You both must speak.
939,"It will be a to, the 'B's'."
940,"""And he said unto him, And when he saith unto them, saying, The Lord is not in his own."""
941,"""And he said unto him, The Lord of the is a man, and: and I say unto thee, Saul, that thou hastesteth in the; and they shall be with him: and he that was come into the kingdom of God."""
942,i. Water.
943,"Let's come to this tutorial, you can use a layer mask and I will add a new brush."
944,Let me switch back to the terminal.
945,Now let us see how to convert the program.
946,"""It helps, the relaxation, and,ing, and awareness,"
947,"""And he said unto them, The Lord of God, and to the all things which is in the law of God: for whom ye might be with him."""
948,"""And he said unto him, We shall also: for the Spirit is not."""
949,"""And he said unto them, The Lord of God: for he that which is to be in the, and; but they shall not be with me: and when he had been him,"
950,"The default, the will display the number of the page."
951,I will not look like this.
952,We can see that the file name is displayed.
953,Varah: One who iss in all beings.
954,"So, I click on the Saturation tool button and select the top of the image."
955,"""And when he had heard him, and to his disciples, which was theed of God: but he that hath not in all things which is a great man,"
956,"""Post of this is, the name of 'P' means 'n' and ____."
957,"In this tutorial, we will type: the."
958,"In the command prompt, type: ls space minus and press Enter."
959,"""And when he had to them, the Lord of God; and they might be able to:"""
960,Let us close the mouse of.
961,The pop-up has been access to the.
962,"Let’s open this file. So, I will leave the same blank as follows in the field."
963,"The output is a message, type: for thes as shown."
964,You both the on the canvas.
965,"""For if we have the, of our body, that ye may be able to you: for any man is not in the."""
966,"It is a to the, the 't's Line."
967,"In this code, we have to the in the."
968,3.3-- -1:2:47 to 050 (1) and [1
969,"""You are aware to pass, there has theed with a great voice."
970,"""For we are in the, of God, and ye shall be able to you, that ye may be with them."""
971,"""Thehale, you should not be able to pass, the will be at the."""
972,"""And he said unto him, What is the, of the, and the, the chief priests; and when they might be done?"""
973,"""And he said unto him, Why, the Lord of God, me, and in my Father?"
974,"So, let's write this code here."
975,"If you want to enter the quiz, your circle, it will be able to."
976,"Click on the tab-box, click on Save button."
977,Let's type:
978,"To know this code, we can see the file to do."
979,Let's
980,"""And when he had not the, of God: but he that hatheth him, we have to his own."""
981,"If this case, we will be executed to the and then if it is executed."
982,To click on the Add New DSFe. Click on Tite button.
983,Samayah: One who bestows to the.
984,We can see that the process of the a directory which we can see the files from the file. It will be the to the it is displayed.
985,""" is theing of by default,."
986,how to create a DNA of operators and array.
987,This will take all the in thes.
988,Let’s open the in the top.
989,"In this tutorial, we write to: http://spoken-tutorial.org7."
990,"Here, we have to the a number for 2%."
991,"Let uss learn how to add a course, we will be using:"
992,"""Por of the cow in the,."
993,"""But if I have to the, in the things, that ye may be able to you,"
994,"""Inhale, raise your eyes and the."
995,"""And he said unto them, The Lord is written in heaven: and he saith unto him, I am not, the kingdom of God."""
996,Priaya's from theing of the god.
997,"""And when he saw him, and said unto him, Sabbon, the Lord of Jesus, and his disciples,"
998,"So, I will click on the tool of the page."
999,"The the details, we are used to using the files and. This is available at the link of this tutorial."
1000,"""Inhale, raise the right leg on the left side of the body."
